{
  "duration_sec": 52.510905742645264,
  "total_words": 18,
  "filler_count": 0,
  "transcript": "Hey, how's it going? I'm doing this presentation because I'm trying to learn how to speak better. see",
  "session_id": "live_20260303_182306_c68e77d2",
  "file_size_bytes": 14833,
  "pcm_size_bytes": 153360,
  "compression_ratio": 10.33910874401672,
  "created_at": "2026-03-03T18:23:07.055427"
}