{
  "duration_sec": 31.505337715148926,
  "total_words": 7,
  "filler_count": 0,
  "transcript": "I'm alright. How about yourself? Right. Yeah.",
  "session_id": "live_20260304_120756_4f55ba3f",
  "file_size_bytes": 6497,
  "pcm_size_bytes": 69012,
  "compression_ratio": 10.62213329228875,
  "created_at": "2026-03-04T12:07:57.061814"
}